1	9289552	rs9442571	HipBMIadj	"Ioanna Tachmazidou et al. American Journal of Human Genetics 100.6 (2017): 865–884"
1	37990219	rs4360494	Height	"Ioanna Tachmazidou et al. American Journal of Human Genetics 100.6 (2017): 865–884"
1	41280098	rs2154319	Weight	"Ioanna Tachmazidou et al. American Journal of Human Genetics 100.6 (2017): 865–884"
1	103107371	rs4338381	HipBMIadj	"Ioanna Tachmazidou et al. American Journal of Human Genetics 100.6 (2017): 865–884"
1	118326173	rs112013272	HipBMIadj	"Ioanna Tachmazidou et al. American Journal of Human Genetics 100.6 (2017): 865–884"
1	218364290	rs183677281	Height	"Ioanna Tachmazidou et al. American Journal of Human Genetics 100.6 (2017): 865–884"
10	27611953	rs2808290	Height	"Ioanna Tachmazidou et al. American Journal of Human Genetics 100.6 (2017): 865–884"
10	119364121	rs291970	WaistBMIadj	"Ioanna Tachmazidou et al. American Journal of Human Genetics 100.6 (2017): 865–884"
10	119845190	rs3888183	Height	"Ioanna Tachmazidou et al. American Journal of Human Genetics 100.6 (2017): 865–884"
11	9502708	rs11042397	Hip	"Ioanna Tachmazidou et al. American Journal of Human Genetics 100.6 (2017): 865–884"
11	27625198	rs6416056	Waist	"Ioanna Tachmazidou et al. American Journal of Human Genetics 100.6 (2017): 865–884"
11	43708303	rs56130800	Waist	"Ioanna Tachmazidou et al. American Journal of Human Genetics 100.6 (2017): 865–884"
11	67417254	rs61734601	Height	"Ioanna Tachmazidou et al. American Journal of Human Genetics 100.6 (2017): 865–884"
11	101184453	rs35863206	Height	"Ioanna Tachmazidou et al. American Journal of Human Genetics 100.6 (2017): 865–884"
12	23843208	rs35279483	Height	"Ioanna Tachmazidou et al. American Journal of Human Genetics 100.6 (2017): 865–884"
12	65965972	rs8756	Weight	"Ioanna Tachmazidou et al. American Journal of Human Genetics 100.6 (2017): 865–884"
12	122065471	rs34532891	Weight	"Ioanna Tachmazidou et al. American Journal of Human Genetics 100.6 (2017): 865–884"
12	122191029	rs12810587	Weight	"Ioanna Tachmazidou et al. American Journal of Human Genetics 100.6 (2017): 865–884"
12	122550170	rs147775094	Weight	"Ioanna Tachmazidou et al. American Journal of Human Genetics 100.6 (2017): 865–884"
12	124342130	rs12314162	Weight	"Ioanna Tachmazidou et al. American Journal of Human Genetics 100.6 (2017): 865–884"
12	132138844	rs12424892	Height	"Ioanna Tachmazidou et al. American Journal of Human Genetics 100.6 (2017): 865–884"
13	50132951	rs2812208	HipBMIadj	"Ioanna Tachmazidou et al. American Journal of Human Genetics 100.6 (2017): 865–884"
13	50213420	rs2066650	Weight	"Ioanna Tachmazidou et al. American Journal of Human Genetics 100.6 (2017): 865–884"
13	50576594	rs3116614	Weight	"Ioanna Tachmazidou et al. American Journal of Human Genetics 100.6 (2017): 865–884"
14	60419432	rs1272131	Weight	"Ioanna Tachmazidou et al. American Journal of Human Genetics 100.6 (2017): 865–884"
14	74520869	rs4899520	WaistBMIadj	"Ioanna Tachmazidou et al. American Journal of Human Genetics 100.6 (2017): 865–884"
15	48655765	rs1848053	Height	"Ioanna Tachmazidou et al. American Journal of Human Genetics 100.6 (2017): 865–884"
15	67165360	rs35874463	HipBMIadj	"Ioanna Tachmazidou et al. American Journal of Human Genetics 100.6 (2017): 865–884"
15	67771401	rs28376010	Hip	"Ioanna Tachmazidou et al. American Journal of Human Genetics 100.6 (2017): 865–884"
15	88766661	rs12591979	Height	"Ioanna Tachmazidou et al. American Journal of Human Genetics 100.6 (2017): 865–884"
15	100152748	rs72755233	Height	"Ioanna Tachmazidou et al. American Journal of Human Genetics 100.6 (2017): 865–884"
16	2105818	rs28610092	WaistBMIadj	"Ioanna Tachmazidou et al. American Journal of Human Genetics 100.6 (2017): 865–884"
16	2209190	rs3160	Weight	"Ioanna Tachmazidou et al. American Journal of Human Genetics 100.6 (2017): 865–884"
16	2212986	rs62038850	Height	"Ioanna Tachmazidou et al. American Journal of Human Genetics 100.6 (2017): 865–884"
16	2217876	rs27345	HipBMIadj	"Ioanna Tachmazidou et al. American Journal of Human Genetics 100.6 (2017): 865–884"
16	15039927	rs776783846	Weight	"Ioanna Tachmazidou et al. American Journal of Human Genetics 100.6 (2017): 865–884"
16	30126692	rs56073702	Waist	"Ioanna Tachmazidou et al. American Journal of Human Genetics 100.6 (2017): 865–884"
16	84867869	rs4303473	Height	"Ioanna Tachmazidou et al. American Journal of Human Genetics 100.6 (2017): 865–884"
17	29562968	rs542939	HipBMIadj	"Ioanna Tachmazidou et al. American Journal of Human Genetics 100.6 (2017): 865–884"
17	30887862	rs113934718	Weight	"Ioanna Tachmazidou et al. American Journal of Human Genetics 100.6 (2017): 865–884"
17	40377218	rs507671	Weight	"Ioanna Tachmazidou et al. American Journal of Human Genetics 100.6 (2017): 865–884"
17	48515763	rs62065847	Waist	"Ioanna Tachmazidou et al. American Journal of Human Genetics 100.6 (2017): 865–884"
17	61420126	rs10853031	WHRBMIadj	"Ioanna Tachmazidou et al. American Journal of Human Genetics 100.6 (2017): 865–884"
17	72006189	rs116878242	Height	"Ioanna Tachmazidou et al. American Journal of Human Genetics 100.6 (2017): 865–884"
18	23495477	rs167336	Waist	"Ioanna Tachmazidou et al. American Journal of Human Genetics 100.6 (2017): 865–884"
19	8605262	rs62621197	Height	"Ioanna Tachmazidou et al. American Journal of Human Genetics 100.6 (2017): 865–884"
19	18695858	rs2003476	BMI	"Ioanna Tachmazidou et al. American Journal of Human Genetics 100.6 (2017): 865–884"
19	55490298	rs114976626	Height	"Ioanna Tachmazidou et al. American Journal of Human Genetics 100.6 (2017): 865–884"
2	422144	rs62107261	BMI	"Ioanna Tachmazidou et al. American Journal of Human Genetics 100.6 (2017): 865–884"
2	24815399	rs2082881	TRFM	"Ioanna Tachmazidou et al. American Journal of Human Genetics 100.6 (2017): 865–884"
2	24899971	rs4077678	TFM	"Ioanna Tachmazidou et al. American Journal of Human Genetics 100.6 (2017): 865–884"
2	55884174	rs3791675	Weight	"Ioanna Tachmazidou et al. American Journal of Human Genetics 100.6 (2017): 865–884"
2	71307031	rs4852777	HipBMIadj	"Ioanna Tachmazidou et al. American Journal of Human Genetics 100.6 (2017): 865–884"
20	6614999	rs4813800	BMI	"Ioanna Tachmazidou et al. American Journal of Human Genetics 100.6 (2017): 865–884"
20	33775731	rs12625495	Weight	"Ioanna Tachmazidou et al. American Journal of Human Genetics 100.6 (2017): 865–884"
20	34699274	rs13044899	Weight	"Ioanna Tachmazidou et al. American Journal of Human Genetics 100.6 (2017): 865–884"
20	34767243	rs4911442	Weight	"Ioanna Tachmazidou et al. American Journal of Human Genetics 100.6 (2017): 865–884"
20	35424169	rs137874109	Weight	"Ioanna Tachmazidou et al. American Journal of Human Genetics 100.6 (2017): 865–884"
20	35437976	rs143384	Weight	"Ioanna Tachmazidou et al. American Journal of Human Genetics 100.6 (2017): 865–884"
20	35595557	rs57545942	Weight	"Ioanna Tachmazidou et al. American Journal of Human Genetics 100.6 (2017): 865–884"
20	36083257	rs2590990	Weight	"Ioanna Tachmazidou et al. American Journal of Human Genetics 100.6 (2017): 865–884"
3	49226205	rs202238847	Height	"Ioanna Tachmazidou et al. American Journal of Human Genetics 100.6 (2017): 865–884"
3	55457782	rs13059073	Height	"Ioanna Tachmazidou et al. American Journal of Human Genetics 100.6 (2017): 865–884"
3	61247301	rs1916799	Waist	"Ioanna Tachmazidou et al. American Journal of Human Genetics 100.6 (2017): 865–884"
3	72351544	rs12497693	HipBMIadj	"Ioanna Tachmazidou et al. American Journal of Human Genetics 100.6 (2017): 865–884"
3	129885063	rs62265602	Height	"Ioanna Tachmazidou et al. American Journal of Human Genetics 100.6 (2017): 865–884"
3	141334437	rs28721484	Weight	"Ioanna Tachmazidou et al. American Journal of Human Genetics 100.6 (2017): 865–884"
3	141386728	rs724016	Weight	"Ioanna Tachmazidou et al. American Journal of Human Genetics 100.6 (2017): 865–884"
3	141485549	rs62282006	Weight	"Ioanna Tachmazidou et al. American Journal of Human Genetics 100.6 (2017): 865–884"
3	185653384	rs57158761	Height	"Ioanna Tachmazidou et al. American Journal of Human Genetics 100.6 (2017): 865–884"
3	185772396	rs73175572	Height	"Ioanna Tachmazidou et al. American Journal of Human Genetics 100.6 (2017): 865–884"
4	13536044	rs16888802	Height	"Ioanna Tachmazidou et al. American Journal of Human Genetics 100.6 (2017): 865–884"
4	17874113	rs78581007	HipBMIadj	"Ioanna Tachmazidou et al. American Journal of Human Genetics 100.6 (2017): 865–884"
4	18024106	rs112967514	Weight	"Ioanna Tachmazidou et al. American Journal of Human Genetics 100.6 (2017): 865–884"
4	144645712	rs13106087	Weight	"Ioanna Tachmazidou et al. American Journal of Human Genetics 100.6 (2017): 865–884"
4	144678756	rs2131354	Weight	"Ioanna Tachmazidou et al. American Journal of Human Genetics 100.6 (2017): 865–884"
5	135007971	rs10044000	HipBMIadj	"Ioanna Tachmazidou et al. American Journal of Human Genetics 100.6 (2017): 865–884"
6	7229386	rs12192672	HipBMIadj	"Ioanna Tachmazidou et al. American Journal of Human Genetics 100.6 (2017): 865–884"
6	19839184	rs41271299	Height	"Ioanna Tachmazidou et al. American Journal of Human Genetics 100.6 (2017): 865–884"
6	26183874	rs7766641	Weight	"Ioanna Tachmazidou et al. American Journal of Human Genetics 100.6 (2017): 865–884"
6	26319360	rs766406	Weight	"Ioanna Tachmazidou et al. American Journal of Human Genetics 100.6 (2017): 865–884"
6	26378453	rs1624064	Weight	"Ioanna Tachmazidou et al. American Journal of Human Genetics 100.6 (2017): 865–884"
6	26670263	rs6901225	Weight	"Ioanna Tachmazidou et al. American Journal of Human Genetics 100.6 (2017): 865–884"
6	30289159	rs1264622	Height	"Ioanna Tachmazidou et al. American Journal of Human Genetics 100.6 (2017): 865–884"
6	31360118	rs2523583	HipBMIadj	"Ioanna Tachmazidou et al. American Journal of Human Genetics 100.6 (2017): 865–884"
6	31555900	rs750884927	HipBMIadj	"Ioanna Tachmazidou et al. American Journal of Human Genetics 100.6 (2017): 865–884"
6	32415431	rs6930571	Height	"Ioanna Tachmazidou et al. American Journal of Human Genetics 100.6 (2017): 865–884"
6	34546430	rs11757517	Weight	"Ioanna Tachmazidou et al. American Journal of Human Genetics 100.6 (2017): 865–884"
6	34656128	rs112540634	Weight	"Ioanna Tachmazidou et al. American Journal of Human Genetics 100.6 (2017): 865–884"
6	80331561	rs79918896	WaistBMIadj	"Ioanna Tachmazidou et al. American Journal of Human Genetics 100.6 (2017): 865–884"
6	80605880	rs9443804	WaistBMIadj	"Ioanna Tachmazidou et al. American Journal of Human Genetics 100.6 (2017): 865–884"
6	80750323	rs35208145	WaistBMIadj	"Ioanna Tachmazidou et al. American Journal of Human Genetics 100.6 (2017): 865–884"
6	127118902	rs577721086	WaistBMIadj	"Ioanna Tachmazidou et al. American Journal of Human Genetics 100.6 (2017): 865–884"
6	130057688	rs12661188	Weight	"Ioanna Tachmazidou et al. American Journal of Human Genetics 100.6 (2017): 865–884"
6	141344385	rs13213884	Height	"Ioanna Tachmazidou et al. American Journal of Human Genetics 100.6 (2017): 865–884"
6	142864754	rs765876	BMI	"Ioanna Tachmazidou et al. American Journal of Human Genetics 100.6 (2017): 865–884"
6	151804309	rs488133	HipBMIadj	"Ioanna Tachmazidou et al. American Journal of Human Genetics 100.6 (2017): 865–884"
7	2765876	rs71026552	Weight	"Ioanna Tachmazidou et al. American Journal of Human Genetics 100.6 (2017): 865–884"
7	2823257	rs2266925	Weight	"Ioanna Tachmazidou et al. American Journal of Human Genetics 100.6 (2017): 865–884"
7	25899541	rs2122823	WHR	"Ioanna Tachmazidou et al. American Journal of Human Genetics 100.6 (2017): 865–884"
7	33005898	rs142854193	Height	"Ioanna Tachmazidou et al. American Journal of Human Genetics 100.6 (2017): 865–884"
7	92614358	rs42377	Weight	"Ioanna Tachmazidou et al. American Journal of Human Genetics 100.6 (2017): 865–884"
7	148939329	rs80085026	HipBMIadj	"Ioanna Tachmazidou et al. American Journal of Human Genetics 100.6 (2017): 865–884"
7	149075577	rs78281959	Height	"Ioanna Tachmazidou et al. American Journal of Human Genetics 100.6 (2017): 865–884"
8	56201961	rs774321937	Weight	"Ioanna Tachmazidou et al. American Journal of Human Genetics 100.6 (2017): 865–884"
8	77194904	rs7842996	HipBMIadj	"Ioanna Tachmazidou et al. American Journal of Human Genetics 100.6 (2017): 865–884"
